id,nome,descricao,icone,ativo
1,Limpeza,Serviços de limpeza residencial e comercial,cleaning,true
2,Encanamento,Serviços de encanamento e hidráulica,plumbing,true
3,Eletricista,Serviços de instalação e manutenção elétrica,electric,true
4,Pintura,Serviços de pintura residencial e comercial,paint,true
5,Jardinagem,Serviços de jardinagem e paisagismo,garden,true
6,Ar Condicionado,Instalação e manutenção de ar condicionado,ac,true
7,Marcenaria,Serviços de marcenaria e carpintaria,carpentry,true
8,Pedreiro,Serviços de alvenaria e construção,bricklayer,true
9,Serralheria,Serviços de serralheria e metalurgia,metalwork,true
10,Vidraceiro,Serviços de instalação e reparo de vidros,glass,true
